10010	FAIL	(Cookie No HttpOnly Flag - the session cookie is httpOnly)
10011	FAIL	(Cookie Without Secure Flag)
10054	FAIL	(Cookie without SameSite Attribute)
10020	FAIL	(Anti-clickjacking Header)
10021	FAIL	(X-Content-Type-Options Header Missing)
10038	FAIL	(Content Security Policy Header Not Set)
10063	FAIL	(Permissions Policy Header Not Set)
10036	FAIL	(Server Leaks Version Information)
10037	FAIL	(Server Leaks Information via X-Powered-By)
90022	FAIL	(Application Error Disclosure)
10055	WARN	(CSP: style-src unsafe-inline - the design system's inline styles; tracked)
10109	IGNORE	(Modern Web Application - informational)
10116	IGNORE	(ZAP is Out of Date - the image is pinned on purpose)
